Run Num , Analysis Time, Binary Heap
Run Num , Analysis Time,100,
0,0.042000,
1,0.033000,
2,0.032000,
3,0.028000,
4,0.028000,
5,0.034000,
6,0.026000,
7,0.034000,
8,0.032000,
9,0.032000,
10,0.031000,
11,0.031000,
12,0.031000,
13,0.032000,
14,0.032000,
15,0.031000,
16,0.031000,
17,0.031000,
18,0.032000,
19,0.032000,
20,0.032000,
21,0.032000,
22,0.031000,
23,0.032000,
24,0.031000,
25,0.033000,
26,0.037000,
27,0.037000,
28,0.037000,
29,0.032000,
30,0.033000,
31,0.038000,
32,0.038000,
33,0.036000,
34,0.039000,
35,0.035000,
36,0.034000,
37,0.033000,
38,0.034000,
39,0.032000,
40,0.034000,
41,0.035000,
42,0.034000,
43,0.034000,
44,0.036000,
45,0.038000,
46,0.038000,
47,0.036000,
48,0.037000,
49,0.034000,
50,0.035000,
51,0.032000,
52,0.031000,
53,0.031000,
54,0.032000,
55,0.032000,
56,0.032000,
57,0.031000,
58,0.031000,
59,0.031000,
60,0.032000,
61,0.031000,
62,0.032000,
63,0.031000,
64,0.031000,
65,0.031000,
66,0.031000,
67,0.031000,
68,0.031000,
69,0.033000,
70,0.032000,
71,0.032000,
72,0.032000,
73,0.032000,
74,0.026000,
75,0.027000,
76,0.025000,
77,0.025000,
78,0.025000,
79,0.026000,
80,0.025000,
81,0.025000,
82,0.026000,
83,0.025000,
84,0.025000,
85,0.025000,
86,0.025000,
87,0.026000,
88,0.025000,
89,0.025000,
90,0.026000,
91,0.025000,
92,0.025000,
93,0.026000,
94,0.025000,
95,0.025000,
96,0.025000,
97,0.025000,
98,0.025000,
99,0.026000,
100,0.025000,
101,0.026000,
102,0.025000,
103,0.025000,
104,0.026000,
105,0.025000,
106,0.025000,
107,0.026000,
108,0.025000,
109,0.025000,
110,0.026000,
111,0.025000,
112,0.025000,
113,0.025000,
114,0.025000,
115,0.026000,
116,0.025000,
117,0.026000,
118,0.025000,
119,0.025000,
120,0.025000,
121,0.025000,
122,0.025000,
123,0.026000,
124,0.025000,
125,0.025000,
126,0.025000,
127,0.025000,
128,0.025000,
129,0.025000,
130,0.025000,
131,0.025000,
132,0.025000,
133,0.025000,
134,0.025000,
135,0.026000,
136,0.026000,
137,0.025000,
138,0.025000,
139,0.025000,
140,0.025000,
141,0.026000,
142,0.025000,
143,0.025000,
144,0.026000,
145,0.025000,
146,0.025000,
147,0.026000,
148,0.025000,
149,0.025000,
150,0.026000,
151,0.025000,
152,0.025000,
153,0.025000,
154,0.025000,
155,0.026000,
156,0.025000,
157,0.025000,
158,0.026000,
159,0.025000,
160,0.025000,
161,0.025000,
162,0.025000,
163,0.025000,
164,0.026000,
165,0.025000,
166,0.026000,
167,0.025000,
168,0.025000,
169,0.025000,
170,0.025000,
171,0.025000,
172,0.025000,
173,0.025000,
174,0.025000,
175,0.025000,
176,0.025000,
177,0.025000,
178,0.026000,
179,0.025000,
180,0.025000,
181,0.025000,
182,0.025000,
183,0.025000,
184,0.025000,
185,0.025000,
186,0.025000,
187,0.025000,
188,0.025000,
189,0.026000,
190,0.025000,
191,0.026000,
192,0.025000,
193,0.025000,
194,0.026000,
195,0.025000,
196,0.025000,
197,0.025000,
198,0.026000,
199,0.025000,
200,0.025000,
201,0.026000,
202,0.025000,
203,0.025000,
204,0.026000,
205,0.026000,
206,0.025000,
207,0.025000,
208,0.025000,
209,0.026000,
210,0.025000,
211,0.026000,
212,0.025000,
213,0.034000,
214,0.025000,
215,0.026000,
216,0.025000,
217,0.026000,
218,0.025000,
219,0.025000,
220,0.025000,
221,0.026000,
222,0.025000,
223,0.025000,
224,0.025000,
225,0.025000,
226,0.025000,
227,0.025000,
228,0.025000,
229,0.025000,
230,0.026000,
231,0.026000,
232,0.025000,
233,0.025000,
234,0.026000,
235,0.025000,
236,0.025000,
237,0.025000,
238,0.031000,
239,0.026000,
240,0.025000,
241,0.026000,
242,0.025000,
243,0.045000,
244,0.025000,
245,0.025000,
246,0.026000,
247,0.025000,
248,0.025000,
249,0.026000,
250,0.032000,
251,0.033000,
252,0.034000,
253,0.032000,
254,0.032000,
255,0.031000,
256,0.032000,
257,0.034000,
258,0.035000,
259,0.034000,
260,0.035000,
261,0.036000,
262,0.036000,
263,0.037000,
264,0.035000,
265,0.037000,
266,0.035000,
267,0.036000,
268,0.037000,
269,0.035000,
270,0.033000,
271,0.033000,
272,0.036000,
273,0.037000,
274,0.038000,
275,0.034000,
276,0.034000,
277,0.035000,
278,0.032000,
279,0.035000,
280,0.033000,
281,0.034000,
282,0.035000,
283,0.036000,
284,0.034000,
285,0.036000,
286,0.036000,
287,0.035000,
288,0.035000,
289,0.035000,
290,0.034000,
291,0.037000,
292,0.034000,
293,0.024000,
294,0.023000,
295,0.024000,
296,0.024000,
297,0.023000,
298,0.024000,
299,0.023000,
300,0.023000,
301,0.023000,
302,0.023000,
303,0.024000,
304,0.023000,
305,0.023000,
306,0.024000,
307,0.023000,
308,0.023000,
309,0.024000,
310,0.023000,
311,0.023000,
312,0.024000,
313,0.023000,
314,0.024000,
315,0.023000,
316,0.023000,
317,0.024000,
318,0.023000,
319,0.023000,
320,0.024000,
321,0.023000,
322,0.024000,
323,0.024000,
324,0.023000,
325,0.024000,
326,0.023000,
327,0.023000,
328,0.023000,
329,0.034000,
330,0.024000,
331,0.024000,
332,0.024000,
333,0.023000,
334,0.024000,
335,0.024000,
336,0.023000,
337,0.023000,
338,0.024000,
339,0.023000,
340,0.024000,
341,0.023000,
342,0.024000,
343,0.023000,
344,0.024000,
345,0.024000,
346,0.023000,
347,0.024000,
348,0.023000,
349,0.024000,
350,0.023000,
351,0.023000,
352,0.024000,
353,0.024000,
354,0.024000,
355,0.023000,
356,0.024000,
357,0.023000,
358,0.024000,
359,0.024000,
360,0.023000,
361,0.024000,
362,0.023000,
363,0.024000,
364,0.023000,
365,0.024000,
366,0.024000,
367,0.023000,
368,0.024000,
369,0.023000,
370,0.023000,
371,0.024000,
372,0.023000,
373,0.023000,
374,0.024000,
375,0.023000,
376,0.024000,
377,0.024000,
378,0.023000,
379,0.024000,
380,0.024000,
381,0.023000,
382,0.024000,
383,0.023000,
384,0.024000,
385,0.023000,
386,0.023000,
387,0.024000,
388,0.023000,
389,0.023000,
390,0.024000,
391,0.023000,
392,0.024000,
393,0.023000,
394,0.023000,
395,0.024000,
396,0.023000,
397,0.024000,
398,0.023000,
399,0.023000,
400,0.024000,
401,0.023000,
402,0.024000,
403,0.023000,
404,0.024000,
405,0.023000,
406,0.024000,
407,0.023000,
408,0.024000,
409,0.023000,
410,0.024000,
411,0.024000,
412,0.023000,
413,0.024000,
414,0.023000,
415,0.024000,
416,0.023000,
417,0.023000,
418,0.024000,
419,0.023000,
420,0.024000,
421,0.023000,
422,0.023000,
423,0.024000,
424,0.023000,
425,0.024000,
426,0.023000,
427,0.024000,
428,0.023000,
429,0.024000,
430,0.023000,
431,0.024000,
432,0.024000,
433,0.023000,
434,0.024000,
435,0.023000,
436,0.024000,
437,0.024000,
438,0.023000,
439,0.024000,
440,0.023000,
441,0.024000,
442,0.023000,
443,0.023000,
444,0.024000,
445,0.023000,
446,0.024000,
447,0.024000,
448,0.023000,
449,0.024000,
450,0.023000,
451,0.024000,
452,0.024000,
453,0.023000,
454,0.024000,
455,0.023000,
456,0.023000,
457,0.024000,
458,0.023000,
459,0.024000,
460,0.024000,
461,0.023000,
462,0.024000,
463,0.023000,
464,0.023000,
465,0.024000,
466,0.023000,
467,0.023000,
468,0.024000,
469,0.023000,
470,0.024000,
471,0.023000,
472,0.023000,
473,0.024000,
474,0.024000,
475,0.026000,
476,0.024000,
477,0.023000,
478,0.024000,
479,0.024000,
480,0.024000,
481,0.024000,
482,0.023000,
483,0.024000,
484,0.023000,
485,0.024000,
486,0.023000,
487,0.023000,
488,0.024000,
489,0.023000,
490,0.024000,
491,0.023000,
492,0.023000,
493,0.024000,
494,0.023000,
495,0.023000,
496,0.024000,
497,0.023000,
498,0.024000,
499,0.023000,
Run Num , Analysis Time,200,
0,0.063000,
1,0.059000,
2,0.057000,
3,0.056000,
4,0.055000,
5,0.055000,
6,0.054000,
7,0.055000,
8,0.054000,
9,0.055000,
10,0.055000,
11,0.054000,
12,0.054000,
13,0.055000,
14,0.054000,
15,0.055000,
16,0.055000,
17,0.054000,
18,0.055000,
19,0.055000,
20,0.054000,
21,0.055000,
22,0.055000,
23,0.054000,
24,0.055000,
25,0.054000,
26,0.055000,
27,0.055000,
28,0.054000,
29,0.055000,
30,0.054000,
31,0.055000,
32,0.054000,
33,0.055000,
34,0.054000,
35,0.054000,
36,0.055000,
37,0.054000,
38,0.055000,
39,0.055000,
40,0.054000,
41,0.055000,
42,0.054000,
43,0.055000,
44,0.054000,
45,0.055000,
46,0.054000,
47,0.055000,
48,0.054000,
49,0.055000,
50,0.055000,
51,0.054000,
52,0.055000,
53,0.055000,
54,0.054000,
55,0.055000,
56,0.058000,
57,0.054000,
58,0.054000,
59,0.055000,
60,0.054000,
61,0.055000,
62,0.055000,
63,0.054000,
64,0.055000,
65,0.055000,
66,0.054000,
67,0.055000,
68,0.055000,
69,0.055000,
70,0.054000,
71,0.055000,
72,0.055000,
73,0.054000,
74,0.055000,
75,0.054000,
76,0.055000,
77,0.055000,
78,0.054000,
79,0.055000,
80,0.055000,
81,0.054000,
82,0.055000,
83,0.055000,
84,0.055000,
85,0.054000,
86,0.055000,
87,0.054000,
88,0.055000,
89,0.055000,
90,0.054000,
91,0.055000,
92,0.054000,
93,0.055000,
94,0.073000,
95,0.068000,
96,0.065000,
97,0.065000,
98,0.064000,
99,0.064000,
100,0.064000,
101,0.064000,
102,0.063000,
103,0.064000,
104,0.063000,
105,0.063000,
106,0.063000,
107,0.064000,
108,0.063000,
109,0.063000,
110,0.063000,
111,0.063000,
112,0.063000,
113,0.063000,
114,0.063000,
115,0.063000,
116,0.063000,
117,0.064000,
118,0.072000,
119,0.065000,
120,0.064000,
121,0.064000,
122,0.064000,
123,0.064000,
124,0.064000,
125,0.064000,
126,0.065000,
127,0.064000,
128,0.064000,
129,0.064000,
130,0.064000,
131,0.064000,
132,0.064000,
133,0.064000,
134,0.064000,
135,0.064000,
136,0.063000,
137,0.064000,
138,0.064000,
139,0.064000,
140,0.064000,
141,0.065000,
142,0.064000,
143,0.064000,
144,0.064000,
145,0.064000,
146,0.064000,
147,0.064000,
148,0.064000,
149,0.064000,
150,0.064000,
151,0.063000,
152,0.064000,
153,0.064000,
154,0.064000,
155,0.064000,
156,0.064000,
157,0.064000,
158,0.064000,
159,0.064000,
160,0.064000,
161,0.064000,
162,0.064000,
163,0.063000,
164,0.064000,
165,0.064000,
166,0.064000,
167,0.064000,
168,0.064000,
169,0.064000,
170,0.064000,
171,0.064000,
172,0.064000,
173,0.063000,
174,0.064000,
175,0.064000,
176,0.070000,
177,0.063000,
178,0.063000,
179,0.063000,
180,0.063000,
181,0.063000,
182,0.063000,
183,0.064000,
184,0.063000,
185,0.064000,
186,0.063000,
187,0.063000,
188,0.063000,
189,0.063000,
190,0.063000,
191,0.064000,
192,0.063000,
193,0.063000,
194,0.063000,
195,0.063000,
196,0.063000,
197,0.063000,
198,0.063000,
199,0.063000,
200,0.063000,
201,0.063000,
202,0.063000,
203,0.064000,
204,0.063000,
205,0.063000,
206,0.064000,
207,0.063000,
208,0.063000,
209,0.063000,
210,0.063000,
211,0.063000,
212,0.063000,
213,0.063000,
214,0.064000,
215,0.063000,
216,0.063000,
217,0.063000,
218,0.063000,
219,0.063000,
220,0.063000,
221,0.063000,
222,0.063000,
223,0.063000,
224,0.063000,
225,0.063000,
226,0.063000,
227,0.062000,
228,0.063000,
229,0.063000,
230,0.063000,
231,0.063000,
232,0.063000,
233,0.063000,
234,0.070000,
235,0.064000,
236,0.063000,
237,0.064000,
238,0.064000,
239,0.080000,
240,0.082000,
241,0.079000,
242,0.081000,
243,0.081000,
244,0.082000,
245,0.083000,
246,0.083000,
247,0.083000,
248,0.083000,
249,0.084000,
250,0.083000,
251,0.083000,
252,0.083000,
253,0.084000,
254,0.083000,
255,0.083000,
256,0.083000,
257,0.083000,
258,0.083000,
259,0.083000,
260,0.083000,
261,0.083000,
262,0.083000,
263,0.084000,
264,0.083000,
265,0.083000,
266,0.084000,
267,0.083000,
268,0.083000,
269,0.083000,
270,0.084000,
271,0.084000,
272,0.083000,
273,0.083000,
274,0.083000,
275,0.083000,
276,0.083000,
277,0.083000,
278,0.083000,
279,0.083000,
280,0.084000,
281,0.083000,
282,0.083000,
283,0.083000,
284,0.083000,
285,0.083000,
286,0.083000,
287,0.084000,
288,0.084000,
289,0.084000,
290,0.083000,
291,0.083000,
292,0.077000,
293,0.086000,
294,0.086000,
295,0.064000,
296,0.075000,
297,0.096000,
298,0.087000,
299,0.078000,
300,0.081000,
301,0.084000,
302,0.079000,
303,0.059000,
304,0.055000,
305,0.055000,
306,0.055000,
307,0.056000,
308,0.055000,
309,0.056000,
310,0.057000,
311,0.055000,
312,0.055000,
313,0.055000,
314,0.072000,
315,0.074000,
316,0.056000,
317,0.055000,
318,0.055000,
319,0.054000,
320,0.054000,
321,0.054000,
322,0.055000,
323,0.054000,
324,0.055000,
325,0.054000,
326,0.055000,
327,0.054000,
328,0.055000,
329,0.055000,
330,0.054000,
331,0.054000,
332,0.055000,
333,0.065000,
334,0.054000,
335,0.055000,
336,0.055000,
337,0.054000,
338,0.055000,
339,0.055000,
340,0.054000,
341,0.055000,
342,0.054000,
343,0.055000,
344,0.054000,
345,0.055000,
346,0.054000,
347,0.055000,
348,0.054000,
349,0.055000,
350,0.054000,
351,0.054000,
352,0.054000,
353,0.055000,
354,0.054000,
355,0.055000,
356,0.054000,
357,0.055000,
358,0.054000,
359,0.054000,
360,0.054000,
361,0.055000,
362,0.054000,
363,0.055000,
364,0.054000,
365,0.055000,
366,0.054000,
367,0.055000,
368,0.055000,
369,0.054000,
370,0.055000,
371,0.054000,
372,0.055000,
373,0.054000,
374,0.054000,
375,0.055000,
376,0.054000,
377,0.055000,
378,0.054000,
379,0.055000,
380,0.055000,
381,0.054000,
382,0.054000,
383,0.055000,
384,0.054000,
385,0.055000,
386,0.055000,
387,0.054000,
388,0.055000,
389,0.055000,
390,0.054000,
391,0.055000,
392,0.055000,
393,0.054000,
394,0.055000,
395,0.055000,
396,0.054000,
397,0.055000,
398,0.055000,
399,0.055000,
400,0.054000,
401,0.057000,
402,0.055000,
403,0.055000,
404,0.054000,
405,0.055000,
406,0.054000,
407,0.055000,
408,0.055000,
409,0.054000,
410,0.055000,
411,0.055000,
412,0.054000,
413,0.055000,
414,0.054000,
415,0.055000,
416,0.054000,
417,0.055000,
418,0.054000,
419,0.055000,
420,0.055000,
421,0.054000,
422,0.055000,
423,0.054000,
424,0.055000,
425,0.054000,
426,0.055000,
427,0.054000,
428,0.055000,
429,0.054000,
430,0.055000,
431,0.054000,
432,0.054000,
433,0.054000,
434,0.055000,
435,0.055000,
436,0.054000,
437,0.055000,
438,0.054000,
439,0.055000,
440,0.054000,
441,0.055000,
442,0.055000,
443,0.054000,
444,0.055000,
445,0.054000,
446,0.054000,
447,0.055000,
448,0.055000,
449,0.054000,
450,0.055000,
451,0.054000,
452,0.055000,
453,0.055000,
454,0.054000,
455,0.054000,
456,0.055000,
457,0.054000,
458,0.055000,
459,0.055000,
460,0.054000,
461,0.055000,
462,0.054000,
463,0.055000,
464,0.055000,
465,0.054000,
466,0.055000,
467,0.054000,
468,0.055000,
469,0.054000,
470,0.058000,
471,0.054000,
472,0.055000,
473,0.054000,
474,0.055000,
475,0.055000,
476,0.054000,
477,0.055000,
478,0.055000,
479,0.054000,
480,0.055000,
481,0.055000,
482,0.073000,
483,0.055000,
484,0.054000,
485,0.055000,
486,0.055000,
487,0.054000,
488,0.055000,
489,0.054000,
490,0.055000,
491,0.054000,
492,0.055000,
493,0.055000,
494,0.054000,
495,0.055000,
496,0.054000,
497,0.054000,
498,0.055000,
499,0.055000,
Run Num , Analysis Time,300,
0,0.106000,
1,0.095000,
2,0.093000,
3,0.091000,
4,0.090000,
5,0.090000,
6,0.090000,
7,0.090000,
8,0.089000,
9,0.090000,
10,0.090000,
11,0.089000,
12,0.089000,
13,0.089000,
14,0.089000,
15,0.089000,
16,0.089000,
17,0.090000,
18,0.090000,
19,0.089000,
20,0.089000,
21,0.090000,
22,0.090000,
23,0.094000,
24,0.090000,
25,0.090000,
26,0.090000,
27,0.090000,
28,0.090000,
29,0.090000,
30,0.090000,
31,0.090000,
32,0.090000,
33,0.090000,
34,0.090000,
35,0.090000,
36,0.089000,
37,0.089000,
38,0.090000,
39,0.090000,
40,0.090000,
41,0.090000,
42,0.090000,
43,0.090000,
44,0.103000,
45,0.120000,
46,0.125000,
47,0.130000,
48,0.131000,
49,0.131000,
50,0.130000,
51,0.129000,
52,0.106000,
53,0.113000,
54,0.105000,
55,0.108000,
56,0.110000,
57,0.110000,
58,0.110000,
59,0.110000,
60,0.112000,
61,0.112000,
62,0.110000,
63,0.100000,
64,0.109000,
65,0.099000,
66,0.099000,
67,0.109000,
68,0.099000,
69,0.099000,
70,0.099000,
71,0.099000,
72,0.099000,
73,0.099000,
74,0.099000,
75,0.099000,
76,0.100000,
77,0.099000,
78,0.099000,
79,0.099000,
80,0.099000,
81,0.099000,
82,0.099000,
83,0.099000,
84,0.100000,
85,0.099000,
86,0.099000,
87,0.099000,
88,0.098000,
89,0.100000,
90,0.131000,
91,0.111000,
92,0.110000,
93,0.111000,
94,0.109000,
95,0.110000,
96,0.126000,
97,0.102000,
98,0.108000,
99,0.099000,
100,0.099000,
101,0.099000,
102,0.099000,
103,0.099000,
104,0.099000,
105,0.099000,
106,0.099000,
107,0.099000,
108,0.099000,
109,0.098000,
110,0.099000,
111,0.099000,
112,0.098000,
113,0.099000,
114,0.099000,
115,0.099000,
116,0.099000,
117,0.099000,
118,0.098000,
119,0.099000,
120,0.099000,
121,0.099000,
122,0.099000,
123,0.098000,
124,0.099000,
125,0.099000,
126,0.099000,
127,0.099000,
128,0.099000,
129,0.098000,
130,0.098000,
131,0.099000,
132,0.099000,
133,0.098000,
134,0.099000,
135,0.103000,
136,0.098000,
137,0.098000,
138,0.099000,
139,0.099000,
140,0.099000,
141,0.099000,
142,0.099000,
143,0.099000,
144,0.099000,
145,0.098000,
146,0.099000,
147,0.099000,
148,0.099000,
149,0.099000,
150,0.099000,
151,0.099000,
152,0.099000,
153,0.099000,
154,0.098000,
155,0.098000,
156,0.099000,
157,0.099000,
158,0.099000,
159,0.099000,
160,0.099000,
161,0.099000,
162,0.098000,
163,0.098000,
164,0.098000,
165,0.098000,
166,0.098000,
167,0.098000,
168,0.131000,
169,0.129000,
170,0.134000,
171,0.135000,
172,0.139000,
173,0.135000,
174,0.136000,
175,0.136000,
176,0.135000,
177,0.131000,
178,0.141000,
179,0.144000,
180,0.135000,
181,0.131000,
182,0.142000,
183,0.141000,
184,0.141000,
185,0.141000,
186,0.136000,
187,0.139000,
188,0.143000,
189,0.137000,
190,0.131000,
191,0.131000,
192,0.142000,
193,0.147000,
194,0.104000,
195,0.100000,
196,0.119000,
197,0.113000,
198,0.102000,
199,0.101000,
200,0.110000,
201,0.102000,
202,0.099000,
203,0.100000,
204,0.102000,
205,0.100000,
206,0.099000,
207,0.099000,
208,0.099000,
209,0.099000,
210,0.099000,
211,0.099000,
212,0.099000,
213,0.099000,
214,0.099000,
215,0.099000,
216,0.098000,
217,0.099000,
218,0.099000,
219,0.099000,
220,0.099000,
221,0.100000,
222,0.100000,
223,0.099000,
224,0.099000,
225,0.099000,
226,0.100000,
227,0.099000,
228,0.099000,
229,0.099000,
230,0.099000,
231,0.099000,
232,0.098000,
233,0.099000,
234,0.099000,
235,0.099000,
236,0.098000,
237,0.099000,
238,0.105000,
239,0.099000,
240,0.099000,
241,0.099000,
242,0.098000,
243,0.099000,
244,0.099000,
245,0.098000,
246,0.098000,
247,0.099000,
248,0.098000,
249,0.099000,
250,0.099000,
251,0.099000,
252,0.099000,
253,0.098000,
254,0.099000,
255,0.098000,
256,0.098000,
257,0.098000,
258,0.099000,
259,0.099000,
260,0.099000,
261,0.099000,
262,0.099000,
263,0.099000,
264,0.120000,
265,0.122000,
266,0.126000,
267,0.133000,
268,0.118000,
269,0.109000,
270,0.100000,
271,0.100000,
272,0.101000,
273,0.103000,
274,0.101000,
275,0.106000,
276,0.100000,
277,0.099000,
278,0.099000,
279,0.099000,
280,0.098000,
281,0.099000,
282,0.099000,
283,0.099000,
284,0.099000,
285,0.099000,
286,0.099000,
287,0.099000,
288,0.099000,
289,0.099000,
290,0.099000,
291,0.098000,
292,0.099000,
293,0.099000,
294,0.098000,
295,0.099000,
296,0.099000,
297,0.099000,
298,0.099000,
299,0.098000,
300,0.099000,
301,0.099000,
302,0.098000,
303,0.098000,
304,0.098000,
305,0.098000,
306,0.099000,
307,0.099000,
308,0.099000,
309,0.098000,
310,0.098000,
311,0.098000,
312,0.098000,
313,0.104000,
314,0.100000,
315,0.100000,
316,0.105000,
317,0.099000,
318,0.098000,
319,0.098000,
320,0.098000,
321,0.099000,
322,0.099000,
323,0.099000,
324,0.098000,
325,0.098000,
326,0.099000,
327,0.099000,
328,0.098000,
329,0.098000,
330,0.098000,
331,0.098000,
332,0.099000,
333,0.099000,
334,0.099000,
335,0.098000,
336,0.098000,
337,0.099000,
338,0.099000,
339,0.099000,
340,0.099000,
341,0.099000,
342,0.098000,
343,0.099000,
344,0.099000,
345,0.098000,
346,0.098000,
347,0.098000,
348,0.098000,
349,0.098000,
350,0.098000,
351,0.106000,
352,0.099000,
353,0.099000,
354,0.103000,
355,0.099000,
356,0.100000,
357,0.099000,
358,0.098000,
359,0.098000,
360,0.098000,
361,0.099000,
362,0.099000,
363,0.099000,
364,0.099000,
365,0.099000,
366,0.099000,
367,0.098000,
368,0.099000,
369,0.099000,
370,0.099000,
371,0.099000,
372,0.099000,
373,0.098000,
374,0.099000,
375,0.098000,
376,0.098000,
377,0.099000,
378,0.099000,
379,0.099000,
380,0.098000,
381,0.098000,
382,0.099000,
383,0.099000,
384,0.099000,
385,0.099000,
386,0.099000,
387,0.099000,
388,0.099000,
389,0.098000,
390,0.106000,
391,0.099000,
392,0.099000,
393,0.110000,
394,0.109000,
395,0.109000,
396,0.110000,
397,0.109000,
398,0.108000,
399,0.098000,
400,0.098000,
401,0.098000,
402,0.098000,
403,0.099000,
404,0.099000,
405,0.099000,
406,0.098000,
407,0.100000,
408,0.099000,
409,0.099000,
410,0.099000,
411,0.099000,
412,0.098000,
413,0.098000,
414,0.098000,
415,0.098000,
416,0.099000,
417,0.099000,
418,0.099000,
419,0.099000,
420,0.099000,
421,0.099000,
422,0.099000,
423,0.098000,
424,0.098000,
425,0.098000,
426,0.099000,
427,0.105000,
428,0.100000,
429,0.099000,
430,0.099000,
431,0.099000,
432,0.099000,
433,0.098000,
434,0.098000,
435,0.099000,
436,0.099000,
437,0.099000,
438,0.098000,
439,0.099000,
440,0.099000,
441,0.099000,
442,0.099000,
443,0.099000,
444,0.099000,
445,0.099000,
446,0.099000,
447,0.099000,
448,0.099000,
449,0.099000,
450,0.098000,
451,0.099000,
452,0.099000,
453,0.099000,
454,0.098000,
455,0.099000,
456,0.098000,
457,0.099000,
458,0.099000,
459,0.099000,
460,0.099000,
461,0.098000,
462,0.099000,
463,0.099000,
464,0.099000,
465,0.099000,
466,0.113000,
467,0.105000,
468,0.104000,
469,0.103000,
470,0.103000,
471,0.099000,
472,0.090000,
473,0.089000,
474,0.089000,
475,0.090000,
476,0.100000,
477,0.089000,
478,0.090000,
479,0.089000,
480,0.090000,
481,0.089000,
482,0.089000,
483,0.090000,
484,0.089000,
485,0.089000,
486,0.089000,
487,0.090000,
488,0.117000,
489,0.101000,
490,0.099000,
491,0.100000,
492,0.093000,
493,0.092000,
494,0.093000,
495,0.093000,
496,0.092000,
497,0.092000,
498,0.092000,
499,0.093000,
Run Num , Analysis Time,400,
0,0.154000,
1,0.135000,
2,0.173000,
3,0.190000,
4,0.202000,
5,0.221000,
6,0.197000,
7,0.157000,
8,0.165000,
9,0.140000,
10,0.134000,
11,0.144000,
12,0.145000,
13,0.145000,
14,0.145000,
15,0.145000,
16,0.144000,
17,0.144000,
18,0.145000,
19,0.144000,
20,0.144000,
21,0.143000,
22,0.143000,
23,0.145000,
24,0.144000,
25,0.144000,
26,0.147000,
27,0.138000,
28,0.145000,
29,0.137000,
30,0.138000,
31,0.137000,
32,0.138000,
33,0.137000,
34,0.137000,
35,0.137000,
36,0.149000,
37,0.143000,
38,0.128000,
39,0.128000,
40,0.128000,
41,0.128000,
42,0.128000,
43,0.128000,
44,0.128000,
45,0.129000,
46,0.128000,
47,0.128000,
48,0.128000,
49,0.128000,
50,0.128000,
51,0.128000,
52,0.128000,
53,0.127000,
54,0.128000,
55,0.128000,
56,0.128000,
57,0.134000,
58,0.129000,
59,0.128000,
60,0.128000,
61,0.128000,
62,0.128000,
63,0.128000,
64,0.128000,
65,0.128000,
66,0.128000,
67,0.128000,
68,0.128000,
69,0.128000,
70,0.128000,
71,0.128000,
72,0.128000,
73,0.128000,
74,0.129000,
75,0.128000,
76,0.128000,
77,0.128000,
78,0.128000,
79,0.128000,
80,0.127000,
81,0.129000,
82,0.128000,
83,0.128000,
84,0.128000,
85,0.128000,
86,0.128000,
87,0.132000,
88,0.129000,
89,0.128000,
90,0.128000,
91,0.128000,
92,0.128000,
93,0.128000,
94,0.129000,
95,0.128000,
96,0.129000,
97,0.128000,
98,0.129000,
99,0.128000,
100,0.128000,
101,0.128000,
102,0.128000,
103,0.127000,
104,0.127000,
105,0.129000,
106,0.127000,
107,0.128000,
108,0.128000,
109,0.128000,
110,0.127000,
111,0.127000,
112,0.128000,
113,0.128000,
114,0.128000,
115,0.128000,
116,0.128000,
117,0.128000,
118,0.132000,
119,0.128000,
120,0.128000,
121,0.128000,
122,0.128000,
123,0.128000,
124,0.128000,
125,0.128000,
126,0.128000,
127,0.128000,
128,0.128000,
129,0.128000,
130,0.127000,
131,0.128000,
132,0.128000,
133,0.128000,
134,0.127000,
135,0.128000,
136,0.127000,
137,0.128000,
138,0.128000,
139,0.128000,
140,0.128000,
141,0.128000,
142,0.128000,
143,0.129000,
144,0.128000,
145,0.128000,
146,0.128000,
147,0.128000,
148,0.131000,
149,0.128000,
150,0.128000,
151,0.128000,
152,0.128000,
153,0.128000,
154,0.128000,
155,0.128000,
156,0.127000,
157,0.127000,
158,0.128000,
159,0.128000,
160,0.127000,
161,0.127000,
162,0.128000,
163,0.128000,
164,0.127000,
165,0.128000,
166,0.128000,
167,0.128000,
168,0.127000,
169,0.127000,
170,0.128000,
171,0.128000,
172,0.128000,
173,0.128000,
174,0.127000,
175,0.128000,
176,0.128000,
177,0.128000,
178,0.130000,
179,0.128000,
180,0.128000,
181,0.127000,
182,0.127000,
183,0.127000,
184,0.127000,
185,0.128000,
186,0.128000,
187,0.128000,
188,0.128000,
189,0.128000,
190,0.128000,
191,0.127000,
192,0.128000,
193,0.128000,
194,0.128000,
195,0.128000,
196,0.128000,
197,0.128000,
198,0.127000,
199,0.128000,
200,0.128000,
201,0.127000,
202,0.128000,
203,0.128000,
204,0.128000,
205,0.128000,
206,0.128000,
207,0.129000,
208,0.131000,
209,0.128000,
210,0.128000,
211,0.128000,
212,0.128000,
213,0.136000,
214,0.128000,
215,0.128000,
216,0.128000,
217,0.127000,
218,0.128000,
219,0.128000,
220,0.127000,
221,0.129000,
222,0.133000,
223,0.151000,
224,0.137000,
225,0.130000,
226,0.129000,
227,0.129000,
228,0.128000,
229,0.131000,
230,0.132000,
231,0.128000,
232,0.127000,
233,0.127000,
234,0.128000,
235,0.127000,
236,0.127000,
237,0.127000,
238,0.136000,
239,0.129000,
240,0.128000,
241,0.128000,
242,0.127000,
243,0.128000,
244,0.128000,
245,0.128000,
246,0.128000,
247,0.128000,
248,0.128000,
249,0.127000,
250,0.128000,
251,0.128000,
252,0.128000,
253,0.128000,
254,0.128000,
255,0.127000,
256,0.128000,
257,0.127000,
258,0.128000,
259,0.127000,
260,0.128000,
261,0.128000,
262,0.128000,
263,0.128000,
264,0.128000,
265,0.128000,
266,0.128000,
267,0.127000,
268,0.132000,
269,0.128000,
270,0.128000,
271,0.127000,
272,0.127000,
273,0.128000,
274,0.127000,
275,0.128000,
276,0.128000,
277,0.157000,
278,0.128000,
279,0.128000,
280,0.128000,
281,0.128000,
282,0.128000,
283,0.127000,
284,0.127000,
285,0.128000,
286,0.127000,
287,0.127000,
288,0.128000,
289,0.127000,
290,0.138000,
291,0.138000,
292,0.138000,
293,0.128000,
294,0.127000,
295,0.128000,
296,0.128000,
297,0.127000,
298,0.132000,
299,0.128000,
300,0.128000,
301,0.127000,
302,0.127000,
303,0.128000,
304,0.128000,
305,0.128000,
306,0.128000,
307,0.128000,
308,0.127000,
309,0.128000,
310,0.128000,
311,0.128000,
312,0.128000,
313,0.127000,
314,0.151000,
315,0.174000,
316,0.182000,
317,0.199000,
318,0.180000,
319,0.176000,
320,0.172000,
321,0.147000,
322,0.136000,
323,0.146000,
324,0.144000,
325,0.153000,
326,0.146000,
327,0.146000,
328,0.145000,
329,0.145000,
330,0.144000,
331,0.145000,
332,0.144000,
333,0.144000,
334,0.144000,
335,0.144000,
336,0.144000,
337,0.149000,
338,0.134000,
339,0.145000,
340,0.145000,
341,0.148000,
342,0.133000,
343,0.144000,
344,0.144000,
345,0.144000,
346,0.149000,
347,0.138000,
348,0.138000,
349,0.138000,
350,0.137000,
351,0.137000,
352,0.142000,
353,0.137000,
354,0.137000,
355,0.137000,
356,0.137000,
357,0.136000,
358,0.136000,
359,0.136000,
360,0.136000,
361,0.136000,
362,0.136000,
363,0.137000,
364,0.137000,
365,0.136000,
366,0.136000,
367,0.137000,
368,0.136000,
369,0.137000,
370,0.136000,
371,0.136000,
372,0.136000,
373,0.137000,
374,0.137000,
375,0.137000,
376,0.137000,
377,0.137000,
378,0.136000,
379,0.137000,
380,0.146000,
381,0.156000,
382,0.159000,
383,0.139000,
384,0.138000,
385,0.138000,
386,0.138000,
387,0.139000,
388,0.139000,
389,0.138000,
390,0.137000,
391,0.138000,
392,0.138000,
393,0.138000,
394,0.137000,
395,0.137000,
396,0.137000,
397,0.138000,
398,0.138000,
399,0.138000,
400,0.137000,
401,0.137000,
402,0.172000,
403,0.133000,
404,0.131000,
405,0.132000,
406,0.131000,
407,0.137000,
408,0.132000,
409,0.131000,
410,0.131000,
411,0.130000,
412,0.130000,
413,0.131000,
414,0.132000,
415,0.131000,
416,0.131000,
417,0.132000,
418,0.130000,
419,0.131000,
420,0.131000,
421,0.130000,
422,0.131000,
423,0.131000,
424,0.131000,
425,0.130000,
426,0.131000,
427,0.131000,
428,0.130000,
429,0.131000,
430,0.131000,
431,0.131000,
432,0.130000,
433,0.130000,
434,0.131000,
435,0.131000,
436,0.130000,
437,0.130000,
438,0.130000,
439,0.130000,
440,0.133000,
441,0.131000,
442,0.130000,
443,0.129000,
444,0.130000,
445,0.130000,
446,0.130000,
447,0.131000,
448,0.172000,
449,0.147000,
450,0.142000,
451,0.131000,
452,0.131000,
453,0.131000,
454,0.133000,
455,0.131000,
456,0.130000,
457,0.130000,
458,0.131000,
459,0.131000,
460,0.130000,
461,0.130000,
462,0.131000,
463,0.131000,
464,0.130000,
465,0.138000,
466,0.131000,
467,0.131000,
468,0.131000,
469,0.131000,
470,0.130000,
471,0.130000,
472,0.131000,
473,0.131000,
474,0.131000,
475,0.131000,
476,0.130000,
477,0.131000,
478,0.130000,
479,0.131000,
480,0.130000,
481,0.131000,
482,0.131000,
483,0.131000,
484,0.130000,
485,0.131000,
486,0.130000,
487,0.131000,
488,0.131000,
489,0.131000,
490,0.131000,
491,0.131000,
492,0.130000,
493,0.130000,
494,0.131000,
495,0.138000,
496,0.130000,
497,0.131000,
498,0.130000,
499,0.130000,
Run Num , Analysis Time,500,
0,0.183000,
1,0.175000,
2,0.172000,
3,0.173000,
4,0.172000,
5,0.172000,
6,0.172000,
7,0.172000,
8,0.172000,
9,0.172000,
10,0.172000,
11,0.171000,
12,0.172000,
13,0.172000,
14,0.171000,
15,0.172000,
16,0.172000,
17,0.171000,
18,0.175000,
19,0.182000,
20,0.178000,
21,0.177000,
22,0.176000,
23,0.177000,
24,0.176000,
25,0.177000,
26,0.177000,
27,0.177000,
28,0.177000,
29,0.177000,
30,0.177000,
31,0.178000,
32,0.176000,
33,0.190000,
34,0.226000,
35,0.241000,
36,0.241000,
37,0.231000,
38,0.200000,
39,0.197000,
40,0.173000,
41,0.173000,
42,0.173000,
43,0.173000,
44,0.172000,
45,0.172000,
46,0.172000,
47,0.172000,
48,0.173000,
49,0.173000,
50,0.172000,
51,0.172000,
52,0.172000,
53,0.172000,
54,0.172000,
55,0.173000,
56,0.172000,
57,0.172000,
58,0.173000,
59,0.172000,
60,0.173000,
61,0.178000,
62,0.191000,
63,0.171000,
64,0.170000,
65,0.169000,
66,0.169000,
67,0.168000,
68,0.169000,
69,0.169000,
70,0.169000,
71,0.168000,
72,0.169000,
73,0.169000,
74,0.168000,
75,0.168000,
76,0.169000,
77,0.169000,
78,0.169000,
79,0.168000,
80,0.169000,
81,0.169000,
82,0.168000,
83,0.168000,
84,0.178000,
85,0.169000,
86,0.168000,
87,0.168000,
88,0.169000,
89,0.169000,
90,0.169000,
91,0.169000,
92,0.191000,
93,0.170000,
94,0.170000,
95,0.169000,
96,0.169000,
97,0.170000,
98,0.169000,
99,0.169000,
100,0.169000,
101,0.169000,
102,0.169000,
103,0.169000,
104,0.169000,
105,0.169000,
106,0.169000,
107,0.174000,
108,0.169000,
109,0.169000,
110,0.169000,
111,0.169000,
112,0.169000,
113,0.169000,
114,0.169000,
115,0.169000,
116,0.169000,
117,0.169000,
118,0.169000,
119,0.169000,
120,0.169000,
121,0.168000,
122,0.169000,
123,0.169000,
124,0.169000,
125,0.169000,
126,0.168000,
127,0.169000,
128,0.170000,
129,0.168000,
130,0.172000,
131,0.173000,
132,0.204000,
133,0.175000,
134,0.174000,
135,0.173000,
136,0.172000,
137,0.178000,
138,0.173000,
139,0.172000,
140,0.171000,
141,0.171000,
142,0.172000,
143,0.172000,
144,0.171000,
145,0.172000,
146,0.171000,
147,0.172000,
148,0.172000,
149,0.171000,
150,0.171000,
151,0.171000,
152,0.177000,
153,0.172000,
154,0.172000,
155,0.171000,
156,0.171000,
157,0.171000,
158,0.171000,
159,0.172000,
160,0.171000,
161,0.171000,
162,0.172000,
163,0.171000,
164,0.171000,
165,0.171000,
166,0.171000,
167,0.170000,
168,0.171000,
169,0.171000,
170,0.170000,
171,0.170000,
172,0.171000,
173,0.170000,
174,0.171000,
175,0.182000,
176,0.174000,
177,0.171000,
178,0.212000,
179,0.236000,
180,0.241000,
181,0.241000,
182,0.194000,
183,0.183000,
184,0.170000,
185,0.170000,
186,0.170000,
187,0.169000,
188,0.169000,
189,0.170000,
190,0.169000,
191,0.170000,
192,0.170000,
193,0.170000,
194,0.170000,
195,0.170000,
196,0.177000,
197,0.170000,
198,0.169000,
199,0.169000,
200,0.169000,
201,0.169000,
202,0.169000,
203,0.201000,
204,0.184000,
205,0.180000,
206,0.179000,
207,0.180000,
208,0.179000,
209,0.180000,
210,0.178000,
211,0.179000,
212,0.179000,
213,0.179000,
214,0.179000,
215,0.178000,
216,0.179000,
217,0.184000,
218,0.179000,
219,0.179000,
220,0.178000,
221,0.178000,
222,0.179000,
223,0.179000,
224,0.178000,
225,0.178000,
226,0.179000,
227,0.179000,
228,0.178000,
229,0.179000,
230,0.179000,
231,0.179000,
232,0.179000,
233,0.179000,
234,0.179000,
235,0.179000,
236,0.178000,
237,0.179000,
238,0.179000,
239,0.184000,
240,0.179000,
241,0.178000,
242,0.179000,
243,0.178000,
244,0.179000,
245,0.178000,
246,0.178000,
247,0.178000,
248,0.179000,
249,0.178000,
250,0.179000,
251,0.179000,
252,0.179000,
253,0.179000,
254,0.178000,
255,0.179000,
256,0.178000,
257,0.179000,
258,0.178000,
259,0.179000,
260,0.178000,
261,0.182000,
262,0.179000,
263,0.178000,
264,0.178000,
265,0.178000,
266,0.178000,
267,0.177000,
268,0.178000,
269,0.177000,
270,0.178000,
271,0.178000,
272,0.178000,
273,0.179000,
274,0.178000,
275,0.180000,
276,0.179000,
277,0.179000,
278,0.179000,
279,0.178000,
280,0.178000,
281,0.178000,
282,0.179000,
283,0.180000,
284,0.179000,
285,0.178000,
286,0.178000,
287,0.178000,
288,0.178000,
289,0.178000,
290,0.178000,
291,0.178000,
292,0.232000,
293,0.243000,
294,0.243000,
295,0.245000,
296,0.245000,
297,0.235000,
298,0.233000,
299,0.246000,
300,0.185000,
301,0.196000,
302,0.181000,
303,0.180000,
304,0.180000,
305,0.180000,
306,0.184000,
307,0.180000,
308,0.173000,
309,0.172000,
310,0.180000,
311,0.175000,
312,0.172000,
313,0.172000,
314,0.169000,
315,0.169000,
316,0.168000,
317,0.169000,
318,0.169000,
319,0.169000,
320,0.169000,
321,0.169000,
322,0.169000,
323,0.175000,
324,0.169000,
325,0.168000,
326,0.169000,
327,0.169000,
328,0.184000,
329,0.168000,
330,0.168000,
331,0.169000,
332,0.169000,
333,0.168000,
334,0.169000,
335,0.169000,
336,0.169000,
337,0.188000,
338,0.171000,
339,0.171000,
340,0.171000,
341,0.170000,
342,0.171000,
343,0.171000,
344,0.171000,
345,0.170000,
346,0.179000,
347,0.173000,
348,0.171000,
349,0.172000,
350,0.172000,
351,0.172000,
352,0.171000,
353,0.171000,
354,0.171000,
355,0.170000,
356,0.171000,
357,0.170000,
358,0.171000,
359,0.170000,
360,0.171000,
361,0.172000,
362,0.171000,
363,0.171000,
364,0.171000,
365,0.171000,
366,0.171000,
367,0.172000,
368,0.173000,
369,0.177000,
370,0.171000,
371,0.172000,
372,0.171000,
373,0.171000,
374,0.172000,
375,0.171000,
376,0.171000,
377,0.171000,
378,0.172000,
379,0.172000,
380,0.171000,
381,0.171000,
382,0.171000,
383,0.172000,
384,0.172000,
385,0.171000,
386,0.171000,
387,0.171000,
388,0.171000,
389,0.172000,
390,0.171000,
391,0.175000,
392,0.173000,
393,0.171000,
394,0.172000,
395,0.172000,
396,0.171000,
397,0.171000,
398,0.171000,
399,0.171000,
400,0.172000,
401,0.172000,
402,0.171000,
403,0.172000,
404,0.171000,
405,0.171000,
406,0.171000,
407,0.172000,
408,0.171000,
409,0.171000,
410,0.171000,
411,0.171000,
412,0.171000,
413,0.171000,
414,0.175000,
415,0.171000,
416,0.172000,
417,0.171000,
418,0.171000,
419,0.172000,
420,0.171000,
421,0.171000,
422,0.171000,
423,0.171000,
424,0.171000,
425,0.171000,
426,0.171000,
427,0.172000,
428,0.172000,
429,0.172000,
430,0.171000,
431,0.172000,
432,0.171000,
433,0.171000,
434,0.171000,
435,0.171000,
436,0.171000,
437,0.175000,
438,0.172000,
439,0.171000,
440,0.171000,
441,0.170000,
442,0.172000,
443,0.171000,
444,0.172000,
445,0.171000,
446,0.171000,
447,0.171000,
448,0.171000,
449,0.171000,
450,0.171000,
451,0.171000,
452,0.171000,
453,0.171000,
454,0.171000,
455,0.171000,
456,0.172000,
457,0.171000,
458,0.171000,
459,0.176000,
460,0.172000,
461,0.172000,
462,0.172000,
463,0.172000,
464,0.172000,
465,0.172000,
466,0.171000,
467,0.171000,
468,0.170000,
469,0.170000,
470,0.175000,
471,0.172000,
472,0.183000,
473,0.243000,
474,0.222000,
475,0.171000,
476,0.170000,
477,0.172000,
478,0.171000,
479,0.173000,
480,0.170000,
481,0.176000,
482,0.169000,
483,0.169000,
484,0.169000,
485,0.169000,
486,0.169000,
487,0.169000,
488,0.170000,
489,0.169000,
490,0.169000,
491,0.169000,
492,0.169000,
493,0.169000,
494,0.169000,
495,0.169000,
496,0.169000,
497,0.169000,
498,0.169000,
499,0.169000,
Run Num , Analysis Time,600,
0,0.223000,
1,0.213000,
2,0.211000,
3,0.220000,
4,0.210000,
5,0.211000,
6,0.211000,
7,0.211000,
8,0.211000,
9,0.211000,
10,0.211000,
11,0.211000,
12,0.211000,
13,0.211000,
14,0.212000,
15,0.211000,
16,0.210000,
17,0.210000,
18,0.210000,
19,0.211000,
20,0.211000,
21,0.210000,
22,0.215000,
23,0.211000,
24,0.211000,
25,0.210000,
26,0.210000,
27,0.211000,
28,0.211000,
29,0.210000,
30,0.211000,
31,0.211000,
32,0.211000,
33,0.227000,
34,0.224000,
35,0.229000,
36,0.222000,
37,0.226000,
38,0.252000,
39,0.216000,
40,0.218000,
41,0.211000,
42,0.211000,
43,0.211000,
44,0.211000,
45,0.211000,
46,0.210000,
47,0.211000,
48,0.211000,
49,0.211000,
50,0.211000,
51,0.211000,
52,0.211000,
53,0.211000,
54,0.210000,
55,0.211000,
56,0.211000,
57,0.211000,
58,0.216000,
59,0.211000,
60,0.211000,
61,0.211000,
62,0.210000,
63,0.211000,
64,0.211000,
65,0.211000,
66,0.211000,
67,0.210000,
68,0.210000,
69,0.211000,
70,0.211000,
71,0.210000,
72,0.210000,
73,0.210000,
74,0.211000,
75,0.211000,
76,0.211000,
77,0.214000,
78,0.211000,
79,0.211000,
80,0.210000,
81,0.211000,
82,0.211000,
83,0.211000,
84,0.211000,
85,0.211000,
86,0.211000,
87,0.211000,
88,0.211000,
89,0.211000,
90,0.211000,
91,0.211000,
92,0.211000,
93,0.210000,
94,0.211000,
95,0.220000,
96,0.215000,
97,0.243000,
98,0.211000,
99,0.211000,
100,0.211000,
101,0.211000,
102,0.211000,
103,0.211000,
104,0.211000,
105,0.210000,
106,0.210000,
107,0.210000,
108,0.210000,
109,0.211000,
110,0.211000,
111,0.211000,
112,0.211000,
113,0.211000,
114,0.220000,
115,0.211000,
116,0.211000,
117,0.211000,
118,0.224000,
119,0.300000,
120,0.251000,
121,0.231000,
122,0.224000,
123,0.225000,
124,0.223000,
125,0.221000,
126,0.221000,
127,0.221000,
128,0.220000,
129,0.220000,
130,0.221000,
131,0.229000,
132,0.222000,
133,0.220000,
134,0.220000,
135,0.221000,
136,0.220000,
137,0.221000,
138,0.221000,
139,0.220000,
140,0.220000,
141,0.221000,
142,0.220000,
143,0.220000,
144,0.219000,
145,0.219000,
146,0.220000,
147,0.220000,
148,0.228000,
149,0.223000,
150,0.221000,
151,0.221000,
152,0.220000,
153,0.222000,
154,0.220000,
155,0.221000,
156,0.221000,
157,0.220000,
158,0.221000,
159,0.222000,
160,0.220000,
161,0.221000,
162,0.221000,
163,0.222000,
164,0.221000,
165,0.221000,
166,0.225000,
167,0.220000,
168,0.219000,
169,0.221000,
170,0.221000,
171,0.220000,
172,0.222000,
173,0.221000,
174,0.215000,
175,0.214000,
176,0.214000,
177,0.213000,
178,0.213000,
179,0.214000,
180,0.214000,
181,0.213000,
182,0.214000,
183,0.214000,
184,0.218000,
185,0.214000,
186,0.214000,
187,0.222000,
188,0.230000,
189,0.243000,
190,0.225000,
191,0.226000,
192,0.221000,
193,0.221000,
194,0.220000,
195,0.221000,
196,0.221000,
197,0.221000,
198,0.221000,
199,0.220000,
200,0.221000,
201,0.227000,
202,0.222000,
203,0.221000,
204,0.220000,
205,0.221000,
206,0.221000,
207,0.227000,
208,0.221000,
209,0.221000,
210,0.221000,
211,0.221000,
212,0.221000,
213,0.221000,
214,0.222000,
215,0.220000,
216,0.221000,
217,0.221000,
218,0.221000,
219,0.226000,
220,0.222000,
221,0.221000,
222,0.221000,
223,0.220000,
224,0.221000,
225,0.220000,
226,0.220000,
227,0.221000,
228,0.220000,
229,0.221000,
230,0.221000,
231,0.220000,
232,0.220000,
233,0.220000,
234,0.221000,
235,0.221000,
236,0.221000,
237,0.227000,
238,0.223000,
239,0.221000,
240,0.221000,
241,0.220000,
242,0.221000,
243,0.221000,
244,0.221000,
245,0.221000,
246,0.220000,
247,0.221000,
248,0.220000,
249,0.291000,
250,0.300000,
251,0.301000,
252,0.296000,
253,0.292000,
254,0.292000,
255,0.226000,
256,0.225000,
257,0.216000,
258,0.215000,
259,0.216000,
260,0.216000,
261,0.214000,
262,0.213000,
263,0.213000,
264,0.214000,
265,0.214000,
266,0.214000,
267,0.214000,
268,0.214000,
269,0.214000,
270,0.222000,
271,0.214000,
272,0.214000,
273,0.213000,
274,0.214000,
275,0.213000,
276,0.214000,
277,0.214000,
278,0.213000,
279,0.213000,
280,0.214000,
281,0.214000,
282,0.214000,
283,0.213000,
284,0.213000,
285,0.214000,
286,0.214000,
287,0.213000,
288,0.218000,
289,0.214000,
290,0.214000,
291,0.214000,
292,0.214000,
293,0.228000,
294,0.221000,
295,0.222000,
296,0.245000,
297,0.231000,
298,0.221000,
299,0.220000,
300,0.220000,
301,0.220000,
302,0.220000,
303,0.220000,
304,0.220000,
305,0.220000,
306,0.227000,
307,0.222000,
308,0.221000,
309,0.221000,
310,0.230000,
311,0.222000,
312,0.221000,
313,0.221000,
314,0.221000,
315,0.221000,
316,0.230000,
317,0.222000,
318,0.221000,
319,0.221000,
320,0.222000,
321,0.221000,
322,0.221000,
323,0.227000,
324,0.221000,
325,0.220000,
326,0.221000,
327,0.221000,
328,0.221000,
329,0.220000,
330,0.221000,
331,0.221000,
332,0.221000,
333,0.221000,
334,0.220000,
335,0.221000,
336,0.221000,
337,0.222000,
338,0.221000,
339,0.220000,
340,0.220000,
341,0.225000,
342,0.222000,
343,0.221000,
344,0.221000,
345,0.221000,
346,0.220000,
347,0.221000,
348,0.220000,
349,0.220000,
350,0.221000,
351,0.221000,
352,0.220000,
353,0.221000,
354,0.220000,
355,0.221000,
356,0.221000,
357,0.221000,
358,0.221000,
359,0.225000,
360,0.221000,
361,0.220000,
362,0.221000,
363,0.221000,
364,0.221000,
365,0.220000,
366,0.221000,
367,0.221000,
368,0.220000,
369,0.221000,
370,0.221000,
371,0.221000,
372,0.220000,
373,0.221000,
374,0.220000,
375,0.221000,
376,0.226000,
377,0.221000,
378,0.220000,
379,0.221000,
380,0.221000,
381,0.220000,
382,0.220000,
383,0.220000,
384,0.220000,
385,0.290000,
386,0.301000,
387,0.301000,
388,0.295000,
389,0.281000,
390,0.293000,
391,0.225000,
392,0.233000,
393,0.217000,
394,0.215000,
395,0.220000,
396,0.214000,
397,0.214000,
398,0.215000,
399,0.215000,
400,0.214000,
401,0.214000,
402,0.214000,
403,0.214000,
404,0.214000,
405,0.258000,
406,0.229000,
407,0.222000,
408,0.220000,
409,0.221000,
410,0.223000,
411,0.221000,
412,0.221000,
413,0.222000,
414,0.221000,
415,0.220000,
416,0.221000,
417,0.221000,
418,0.221000,
419,0.221000,
420,0.221000,
421,0.221000,
422,0.221000,
423,0.221000,
424,0.228000,
425,0.222000,
426,0.221000,
427,0.227000,
428,0.222000,
429,0.221000,
430,0.221000,
431,0.221000,
432,0.221000,
433,0.221000,
434,0.220000,
435,0.221000,
436,0.221000,
437,0.221000,
438,0.221000,
439,0.222000,
440,0.221000,
441,0.221000,
442,0.221000,
443,0.221000,
444,0.221000,
445,0.225000,
446,0.221000,
447,0.220000,
448,0.221000,
449,0.221000,
450,0.221000,
451,0.220000,
452,0.221000,
453,0.221000,
454,0.220000,
455,0.221000,
456,0.221000,
457,0.221000,
458,0.221000,
459,0.223000,
460,0.221000,
461,0.221000,
462,0.226000,
463,0.222000,
464,0.221000,
465,0.221000,
466,0.221000,
467,0.220000,
468,0.221000,
469,0.221000,
470,0.220000,
471,0.221000,
472,0.222000,
473,0.221000,
474,0.221000,
475,0.220000,
476,0.221000,
477,0.221000,
478,0.222000,
479,0.221000,
480,0.225000,
481,0.221000,
482,0.222000,
483,0.221000,
484,0.221000,
485,0.221000,
486,0.221000,
487,0.221000,
488,0.221000,
489,0.221000,
490,0.221000,
491,0.220000,
492,0.220000,
493,0.221000,
494,0.221000,
495,0.221000,
496,0.221000,
497,0.225000,
498,0.222000,
499,0.220000,
Run Num , Analysis Time,700,
0,0.275000,
1,0.266000,
2,0.265000,
3,0.264000,
4,0.265000,
5,0.265000,
6,0.264000,
7,0.264000,
8,0.265000,
9,0.264000,
10,0.271000,
11,0.266000,
12,0.269000,
13,0.265000,
14,0.264000,
15,0.264000,
16,0.264000,
17,0.350000,
18,0.360000,
19,0.368000,
20,0.324000,
21,0.347000,
22,0.269000,
23,0.267000,
24,0.266000,
25,0.282000,
26,0.268000,
27,0.264000,
28,0.264000,
29,0.264000,
30,0.264000,
31,0.264000,
32,0.264000,
33,0.264000,
34,0.264000,
35,0.264000,
36,0.264000,
37,0.264000,
38,0.264000,
39,0.264000,
40,0.268000,
41,0.265000,
42,0.264000,
43,0.264000,
44,0.264000,
45,0.264000,
46,0.265000,
47,0.264000,
48,0.264000,
49,0.264000,
50,0.264000,
51,0.264000,
52,0.264000,
53,0.263000,
54,0.264000,
55,0.268000,
56,0.264000,
57,0.264000,
58,0.264000,
59,0.265000,
60,0.265000,
61,0.262000,
62,0.264000,
63,0.265000,
64,0.264000,
65,0.263000,
66,0.264000,
67,0.264000,
68,0.264000,
69,0.264000,
70,0.268000,
71,0.265000,
72,0.264000,
73,0.272000,
74,0.276000,
75,0.291000,
76,0.259000,
77,0.259000,
78,0.259000,
79,0.259000,
80,0.259000,
81,0.256000,
82,0.257000,
83,0.256000,
84,0.257000,
85,0.267000,
86,0.258000,
87,0.258000,
88,0.260000,
89,0.258000,
90,0.265000,
91,0.258000,
92,0.257000,
93,0.257000,
94,0.256000,
95,0.257000,
96,0.256000,
97,0.257000,
98,0.256000,
99,0.256000,
100,0.267000,
101,0.257000,
102,0.256000,
103,0.256000,
104,0.257000,
105,0.256000,
106,0.256000,
107,0.256000,
108,0.256000,
109,0.257000,
110,0.257000,
111,0.256000,
112,0.257000,
113,0.256000,
114,0.255000,
115,0.275000,
116,0.257000,
117,0.257000,
118,0.256000,
119,0.256000,
120,0.299000,
121,0.256000,
122,0.257000,
123,0.256000,
124,0.256000,
125,0.256000,
126,0.256000,
127,0.256000,
128,0.257000,
129,0.255000,
130,0.283000,
131,0.256000,
132,0.330000,
133,0.343000,
134,0.333000,
135,0.328000,
136,0.335000,
137,0.276000,
138,0.262000,
139,0.261000,
140,0.280000,
141,0.249000,
142,0.257000,
143,0.293000,
144,0.258000,
145,0.257000,
146,0.257000,
147,0.257000,
148,0.257000,
149,0.256000,
150,0.256000,
151,0.257000,
152,0.256000,
153,0.257000,
154,0.256000,
155,0.256000,
156,0.257000,
157,0.256000,
158,0.257000,
159,0.286000,
160,0.257000,
161,0.256000,
162,0.257000,
163,0.269000,
164,0.254000,
165,0.256000,
166,0.256000,
167,0.257000,
168,0.256000,
169,0.256000,
170,0.256000,
171,0.256000,
172,0.256000,
173,0.256000,
174,0.261000,
175,0.257000,
176,0.256000,
177,0.256000,
178,0.257000,
179,0.256000,
180,0.256000,
181,0.257000,
182,0.256000,
183,0.256000,
184,0.257000,
185,0.257000,
186,0.257000,
187,0.257000,
188,0.256000,
189,0.260000,
190,0.258000,
191,0.256000,
192,0.257000,
193,0.256000,
194,0.274000,
195,0.264000,
196,0.270000,
197,0.268000,
198,0.282000,
199,0.245000,
200,0.252000,
201,0.252000,
202,0.253000,
203,0.253000,
204,0.280000,
205,0.253000,
206,0.252000,
207,0.252000,
208,0.252000,
209,0.253000,
210,0.252000,
211,0.252000,
212,0.252000,
213,0.279000,
214,0.242000,
215,0.250000,
216,0.251000,
217,0.250000,
218,0.250000,
219,0.249000,
220,0.255000,
221,0.250000,
222,0.249000,
223,0.250000,
224,0.250000,
225,0.250000,
226,0.250000,
227,0.250000,
228,0.250000,
229,0.250000,
230,0.250000,
231,0.250000,
232,0.249000,
233,0.251000,
234,0.251000,
235,0.274000,
236,0.250000,
237,0.250000,
238,0.250000,
239,0.251000,
240,0.250000,
241,0.259000,
242,0.249000,
243,0.250000,
244,0.250000,
245,0.263000,
246,0.239000,
247,0.250000,
248,0.250000,
249,0.264000,
250,0.254000,
251,0.260000,
252,0.273000,
253,0.364000,
254,0.254000,
255,0.256000,
256,0.255000,
257,0.282000,
258,0.249000,
259,0.250000,
260,0.250000,
261,0.249000,
262,0.250000,
263,0.264000,
264,0.254000,
265,0.239000,
266,0.260000,
267,0.250000,
268,0.249000,
269,0.250000,
270,0.250000,
271,0.250000,
272,0.249000,
273,0.249000,
274,0.249000,
275,0.250000,
276,0.250000,
277,0.250000,
278,0.249000,
279,0.251000,
280,0.251000,
281,0.252000,
282,0.250000,
283,0.249000,
284,0.249000,
285,0.263000,
286,0.238000,
287,0.249000,
288,0.249000,
289,0.291000,
290,0.294000,
291,0.274000,
292,0.303000,
293,0.264000,
294,0.242000,
295,0.252000,
296,0.270000,
297,0.263000,
298,0.253000,
299,0.252000,
300,0.252000,
301,0.253000,
302,0.252000,
303,0.253000,
304,0.252000,
305,0.251000,
306,0.252000,
307,0.252000,
308,0.252000,
309,0.280000,
310,0.254000,
311,0.259000,
312,0.268000,
313,0.257000,
314,0.257000,
315,0.256000,
316,0.257000,
317,0.256000,
318,0.257000,
319,0.256000,
320,0.257000,
321,0.257000,
322,0.257000,
323,0.256000,
324,0.257000,
325,0.257000,
326,0.257000,
327,0.273000,
328,0.257000,
329,0.256000,
330,0.257000,
331,0.275000,
332,0.246000,
333,0.256000,
334,0.257000,
335,0.256000,
336,0.257000,
337,0.257000,
338,0.256000,
339,0.258000,
340,0.275000,
341,0.256000,
342,0.277000,
343,0.258000,
344,0.256000,
345,0.256000,
346,0.255000,
347,0.257000,
348,0.257000,
349,0.256000,
350,0.256000,
351,0.256000,
352,0.281000,
353,0.256000,
354,0.256000,
355,0.261000,
356,0.257000,
357,0.280000,
358,0.257000,
359,0.256000,
360,0.257000,
361,0.256000,
362,0.256000,
363,0.256000,
364,0.257000,
365,0.330000,
366,0.342000,
367,0.338000,
368,0.324000,
369,0.339000,
370,0.269000,
371,0.265000,
372,0.263000,
373,0.261000,
374,0.292000,
375,0.257000,
376,0.257000,
377,0.256000,
378,0.257000,
379,0.256000,
380,0.256000,
381,0.256000,
382,0.274000,
383,0.259000,
384,0.266000,
385,0.359000,
386,0.264000,
387,0.252000,
388,0.251000,
389,0.252000,
390,0.251000,
391,0.251000,
392,0.252000,
393,0.252000,
394,0.252000,
395,0.252000,
396,0.253000,
397,0.253000,
398,0.252000,
399,0.252000,
400,0.252000,
401,0.266000,
402,0.295000,
403,0.251000,
404,0.250000,
405,0.250000,
406,0.250000,
407,0.249000,
408,0.250000,
409,0.251000,
410,0.250000,
411,0.250000,
412,0.250000,
413,0.250000,
414,0.250000,
415,0.250000,
416,0.273000,
417,0.250000,
418,0.251000,
419,0.250000,
420,0.250000,
421,0.250000,
422,0.251000,
423,0.251000,
424,0.251000,
425,0.250000,
426,0.250000,
427,0.250000,
428,0.249000,
429,0.250000,
430,0.250000,
431,0.251000,
432,0.268000,
433,0.239000,
434,0.250000,
435,0.250000,
436,0.249000,
437,0.250000,
438,0.251000,
439,0.251000,
440,0.249000,
441,0.251000,
442,0.251000,
443,0.250000,
444,0.250000,
445,0.250000,
446,0.250000,
447,0.250000,
448,0.254000,
449,0.250000,
450,0.250000,
451,0.249000,
452,0.250000,
453,0.250000,
454,0.250000,
455,0.250000,
456,0.251000,
457,0.250000,
458,0.250000,
459,0.250000,
460,0.250000,
461,0.250000,
462,0.250000,
463,0.276000,
464,0.250000,
465,0.249000,
466,0.250000,
467,0.249000,
468,0.250000,
469,0.256000,
470,0.251000,
471,0.249000,
472,0.250000,
473,0.251000,
474,0.250000,
475,0.250000,
476,0.250000,
477,0.250000,
478,0.250000,
479,0.253000,
480,0.264000,
481,0.254000,
482,0.239000,
483,0.249000,
484,0.263000,
485,0.253000,
486,0.262000,
487,0.255000,
488,0.255000,
489,0.277000,
490,0.369000,
491,0.259000,
492,0.257000,
493,0.244000,
494,0.291000,
495,0.250000,
496,0.249000,
497,0.250000,
498,0.249000,
499,0.273000,
Run Num , Analysis Time,800,
0,0.298000,
1,0.289000,
2,0.288000,
3,0.287000,
4,0.287000,
5,0.287000,
6,0.287000,
7,0.287000,
8,0.291000,
9,0.287000,
10,0.286000,
11,0.287000,
12,0.287000,
13,0.287000,
14,0.287000,
15,0.288000,
16,0.287000,
17,0.287000,
18,0.288000,
19,0.287000,
20,0.287000,
21,0.287000,
22,0.290000,
23,0.288000,
24,0.287000,
25,0.287000,
26,0.285000,
27,0.287000,
28,0.287000,
29,0.288000,
30,0.287000,
31,0.287000,
32,0.288000,
33,0.287000,
34,0.287000,
35,0.286000,
36,0.309000,
37,0.276000,
38,0.288000,
39,0.300000,
40,0.313000,
41,0.337000,
42,0.385000,
43,0.324000,
44,0.289000,
45,0.290000,
46,0.290000,
47,0.291000,
48,0.320000,
49,0.290000,
50,0.290000,
51,0.289000,
52,0.296000,
53,0.290000,
54,0.289000,
55,0.289000,
56,0.289000,
57,0.288000,
58,0.289000,
59,0.289000,
60,0.289000,
61,0.289000,
62,0.298000,
63,0.290000,
64,0.289000,
65,0.289000,
66,0.290000,
67,0.290000,
68,0.290000,
69,0.290000,
70,0.289000,
71,0.289000,
72,0.289000,
73,0.289000,
74,0.290000,
75,0.316000,
76,0.289000,
77,0.289000,
78,0.289000,
79,0.289000,
80,0.289000,
81,0.289000,
82,0.290000,
83,0.347000,
84,0.283000,
85,0.291000,
86,0.290000,
87,0.309000,
88,0.280000,
89,0.295000,
90,0.309000,
91,0.298000,
92,0.300000,
93,0.307000,
94,0.310000,
95,0.294000,
96,0.294000,
97,0.296000,
98,0.287000,
99,0.286000,
100,0.288000,
101,0.287000,
102,0.302000,
103,0.288000,
104,0.287000,
105,0.288000,
106,0.287000,
107,0.287000,
108,0.288000,
109,0.287000,
110,0.287000,
111,0.286000,
112,0.287000,
113,0.287000,
114,0.287000,
115,0.287000,
116,0.287000,
117,0.287000,
118,0.287000,
119,0.286000,
120,0.288000,
121,0.287000,
122,0.287000,
123,0.287000,
124,0.286000,
125,0.287000,
126,0.287000,
127,0.287000,
128,0.287000,
129,0.290000,
130,0.287000,
131,0.286000,
132,0.287000,
133,0.288000,
134,0.287000,
135,0.287000,
136,0.288000,
137,0.287000,
138,0.286000,
139,0.287000,
140,0.287000,
141,0.287000,
142,0.286000,
143,0.290000,
144,0.287000,
145,0.287000,
146,0.287000,
147,0.287000,
148,0.287000,
149,0.287000,
150,0.306000,
151,0.324000,
152,0.354000,
153,0.415000,
154,0.418000,
155,0.343000,
156,0.292000,
157,0.289000,
158,0.289000,
159,0.289000,
160,0.291000,
161,0.290000,
162,0.291000,
163,0.289000,
164,0.290000,
165,0.289000,
166,0.302000,
167,0.336000,
168,0.331000,
169,0.296000,
170,0.295000,
171,0.294000,
172,0.294000,
173,0.295000,
174,0.295000,
175,0.294000,
176,0.294000,
177,0.295000,
178,0.294000,
179,0.294000,
180,0.294000,
181,0.294000,
182,0.317000,
183,0.308000,
184,0.324000,
185,0.295000,
186,0.294000,
187,0.294000,
188,0.294000,
189,0.293000,
190,0.294000,
191,0.294000,
192,0.381000,
193,0.394000,
194,0.400000,
195,0.400000,
196,0.340000,
197,0.305000,
198,0.300000,
199,0.330000,
200,0.295000,
201,0.295000,
202,0.295000,
203,0.295000,
204,0.294000,
205,0.294000,
206,0.323000,
207,0.296000,
208,0.294000,
209,0.294000,
210,0.294000,
211,0.294000,
212,0.294000,
213,0.295000,
214,0.294000,
215,0.294000,
216,0.294000,
217,0.295000,
218,0.294000,
219,0.293000,
220,0.303000,
221,0.295000,
222,0.297000,
223,0.295000,
224,0.294000,
225,0.294000,
226,0.294000,
227,0.293000,
228,0.294000,
229,0.301000,
230,0.309000,
231,0.309000,
232,0.303000,
233,0.324000,
234,0.291000,
235,0.289000,
236,0.289000,
237,0.289000,
238,0.290000,
239,0.290000,
240,0.289000,
241,0.289000,
242,0.289000,
243,0.290000,
244,0.291000,
245,0.290000,
246,0.316000,
247,0.307000,
248,0.301000,
249,0.290000,
250,0.289000,
251,0.290000,
252,0.290000,
253,0.289000,
254,0.290000,
255,0.291000,
256,0.290000,
257,0.290000,
258,0.290000,
259,0.289000,
260,0.295000,
261,0.290000,
262,0.289000,
263,0.289000,
264,0.289000,
265,0.290000,
266,0.289000,
267,0.289000,
268,0.289000,
269,0.290000,
270,0.290000,
271,0.289000,
272,0.288000,
273,0.315000,
274,0.290000,
275,0.290000,
276,0.289000,
277,0.290000,
278,0.290000,
279,0.290000,
280,0.289000,
281,0.289000,
282,0.289000,
283,0.289000,
284,0.289000,
285,0.290000,
286,0.289000,
287,0.293000,
288,0.290000,
289,0.289000,
290,0.290000,
291,0.309000,
292,0.279000,
293,0.289000,
294,0.309000,
295,0.298000,
296,0.299000,
297,0.389000,
298,0.323000,
299,0.295000,
300,0.307000,
301,0.295000,
302,0.288000,
303,0.287000,
304,0.288000,
305,0.287000,
306,0.288000,
307,0.313000,
308,0.288000,
309,0.287000,
310,0.287000,
311,0.287000,
312,0.287000,
313,0.292000,
314,0.287000,
315,0.339000,
316,0.342000,
317,0.379000,
318,0.324000,
319,0.295000,
320,0.290000,
321,0.289000,
322,0.289000,
323,0.289000,
324,0.290000,
325,0.289000,
326,0.322000,
327,0.289000,
328,0.290000,
329,0.290000,
330,0.312000,
331,0.338000,
332,0.296000,
333,0.295000,
334,0.294000,
335,0.294000,
336,0.294000,
337,0.293000,
338,0.294000,
339,0.325000,
340,0.295000,
341,0.294000,
342,0.293000,
343,0.294000,
344,0.294000,
345,0.294000,
346,0.293000,
347,0.294000,
348,0.294000,
349,0.294000,
350,0.293000,
351,0.295000,
352,0.320000,
353,0.294000,
354,0.294000,
355,0.294000,
356,0.293000,
357,0.294000,
358,0.294000,
359,0.294000,
360,0.294000,
361,0.294000,
362,0.294000,
363,0.294000,
364,0.293000,
365,0.320000,
366,0.295000,
367,0.294000,
368,0.295000,
369,0.294000,
370,0.294000,
371,0.294000,
372,0.293000,
373,0.294000,
374,0.294000,
375,0.293000,
376,0.294000,
377,0.294000,
378,0.294000,
379,0.303000,
380,0.296000,
381,0.294000,
382,0.312000,
383,0.315000,
384,0.295000,
385,0.294000,
386,0.294000,
387,0.294000,
388,0.294000,
389,0.294000,
390,0.295000,
391,0.292000,
392,0.319000,
393,0.295000,
394,0.381000,
395,0.396000,
396,0.371000,
397,0.400000,
398,0.342000,
399,0.304000,
400,0.299000,
401,0.328000,
402,0.295000,
403,0.302000,
404,0.295000,
405,0.295000,
406,0.293000,
407,0.294000,
408,0.294000,
409,0.293000,
410,0.294000,
411,0.307000,
412,0.294000,
413,0.294000,
414,0.294000,
415,0.294000,
416,0.294000,
417,0.299000,
418,0.295000,
419,0.294000,
420,0.294000,
421,0.294000,
422,0.293000,
423,0.294000,
424,0.294000,
425,0.294000,
426,0.294000,
427,0.294000,
428,0.294000,
429,0.293000,
430,0.297000,
431,0.294000,
432,0.294000,
433,0.293000,
434,0.293000,
435,0.294000,
436,0.294000,
437,0.295000,
438,0.294000,
439,0.295000,
440,0.294000,
441,0.294000,
442,0.294000,
443,0.297000,
444,0.294000,
445,0.293000,
446,0.294000,
447,0.294000,
448,0.294000,
449,0.295000,
450,0.293000,
451,0.296000,
452,0.374000,
453,0.441000,
454,0.416000,
455,0.353000,
456,0.291000,
457,0.289000,
458,0.290000,
459,0.289000,
460,0.290000,
461,0.289000,
462,0.289000,
463,0.290000,
464,0.289000,
465,0.289000,
466,0.290000,
467,0.288000,
468,0.290000,
469,0.305000,
470,0.290000,
471,0.290000,
472,0.289000,
473,0.289000,
474,0.289000,
475,0.289000,
476,0.289000,
477,0.290000,
478,0.290000,
479,0.290000,
480,0.289000,
481,0.289000,
482,0.292000,
483,0.280000,
484,0.290000,
485,0.290000,
486,0.289000,
487,0.288000,
488,0.289000,
489,0.289000,
490,0.290000,
491,0.290000,
492,0.289000,
493,0.289000,
494,0.353000,
495,0.299000,
496,0.304000,
497,0.299000,
498,0.323000,
499,0.297000,
